Session,Subject,Epoch_len,Epoch_Start,Label,Condition,ECG_Rate_Mean,ECG_Rate_SD,RSP_Rate_Mean,RSP_Amplitude_Mean,RSP_Rate_SD,Pupil_PctMax_Mean,Pupil_PctMax_Max,Pupil_PctMax_SD
20260406_Poppy_trill(ecg_resp).acq,Poppy,30,0.0,silence,trill,,,,,,,,
20260406_Poppy_trill(ecg_resp).acq,Poppy,30,30.0,silence,trill,,,,,,,,
20260406_Poppy_trill(ecg_resp).acq,Poppy,30,60.0,silence,trill,,,,,,,,
20260406_Poppy_trill(ecg_resp).acq,Poppy,30,90.0,silence,trill,,,,,,,,
20260406_Poppy_trill(ecg_resp).acq,Poppy,30,120.0,silence,trill,,,,,,,,
20260406_Poppy_trill(ecg_resp).acq,Poppy,30,150.0,silence,trill,,,,,,,,
20260406_Poppy_trill(ecg_resp).acq,Poppy,30,180.0,silence,trill,,,,,,,,
20260406_Poppy_trill(ecg_resp).acq,Poppy,30,210.0,silence,trill,,,,,,,,
20260406_Poppy_trill(ecg_resp).acq,Poppy,30,240.0,silence,trill,,,,,,,,
20260406_Poppy_trill(ecg_resp).acq,Poppy,30,270.0,silence,trill,,,,,,,,
20260406_Poppy_trill(ecg_resp).acq,Poppy,30,300.0,silence,trill,,,,,,,,
20260406_Poppy_trill(ecg_resp).acq,Poppy,30,330.0,silence,trill,,,,,,,,
20260406_Poppy_trill(ecg_resp).acq,Poppy,30,360.0,silence,trill,,,,,,,,
20260406_Poppy_trill(ecg_resp).acq,Poppy,30,390.0,silence,trill,,,,,,,,
20260406_Poppy_trill(ecg_resp).acq,Poppy,30,420.0,silence,trill,,,,,,,,
20260406_Poppy_trill(ecg_resp).acq,Poppy,30,450.0,silence,trill,,,,,,,,
20260406_Poppy_trill(ecg_resp).acq,Poppy,30,480.0,silence,trill,,,,,,,,
20260406_Poppy_trill(ecg_resp).acq,Poppy,30,510.0,silence,trill,,,,,,,,
20260406_Poppy_trill(ecg_resp).acq,Poppy,30,540.0,silence,trill,,,,,,,,
20260406_Poppy_trill(ecg_resp).acq,Poppy,30,570.0,silence,trill,,,,,,,,
20260406_Poppy_trill(ecg_resp).acq,Poppy,30,600.0,silence,trill,,,,,,,,
20260406_Poppy_trill(ecg_resp).acq,Poppy,30,630.0,silence,trill,,,,,,,,
20260406_Poppy_trill(ecg_resp).acq,Poppy,30,660.0,silence,trill,,,,,,,,
20260406_Poppy_trill(ecg_resp).acq,Poppy,30,690.0,silence,trill,,,,,,,,
20260406_Poppy_trill(ecg_resp).acq,Poppy,30,720.0,silence,trill,,,,,,,,
20260406_Poppy_trill(ecg_resp).acq,Poppy,30,750.0,silence,trill,,,,,,,,
20260406_Poppy_trill(ecg_resp).acq,Poppy,30,780.0,silence,trill,,,,,,,,
20260406_Poppy_trill(ecg_resp).acq,Poppy,30,810.0,silence,trill,,,,,,,,
20260406_Poppy_trill(ecg_resp).acq,Poppy,30,840.0,silence,trill,,,,,,,,
20260406_Poppy_trill(ecg_resp).acq,Poppy,30,870.0,silence,trill,,,,,,,,
20260406_Poppy_trill(ecg_resp).acq,Poppy,30,900.0,silence,trill,,,,,,,,
20260406_Poppy_trill(ecg_resp).acq,Poppy,30,930.0,silence,trill,,,,,,,,
20260406_Poppy_trill(ecg_resp).acq,Poppy,30,960.0,silence,trill,,,,,,,,
20260406_Poppy_trill(ecg_resp).acq,Poppy,30,990.0,silence,trill,,,,,,,,
20260406_Poppy_trill(ecg_resp).acq,Poppy,30,1020.0,silence,trill,,,,,,,,
20260406_Poppy_trill(ecg_resp).acq,Poppy,30,1050.0,silence,trill,,,,,,,,
20260406_Poppy_trill(ecg_resp).acq,Poppy,30,1080.0,silence,trill,,,,,,,,
20260406_Poppy_trill(ecg_resp).acq,Poppy,30,1110.0,silence,trill,,,,,,,,
20260406_Poppy_trill(ecg_resp).acq,Poppy,30,1140.0,silence,trill,,,,,,,,
20260406_Poppy_trill(ecg_resp).acq,Poppy,30,1170.0,silence,trill,,,,,,,,
20260406_Poppy_trill(ecg_resp).acq,Poppy,30,1200.0,silence,trill,,,,,,,,
20260406_Poppy_trill(ecg_resp).acq,Poppy,30,1230.0,silence,trill,,,,,,,,
20260406_Poppy_trill(ecg_resp).acq,Poppy,30,1260.0,silence,trill,,,,,,,,
20260406_Poppy_trill(ecg_resp).acq,Poppy,30,1290.0,silence,trill,,,,,,,,
20260406_Poppy_trill(ecg_resp).acq,Poppy,30,1320.0,silence,trill,,,,,,,,
20260406_Poppy_trill(ecg_resp).acq,Poppy,30,1350.0,silence,trill,,,,,,,,
20260406_Poppy_trill(ecg_resp).acq,Poppy,30,1380.0,silence,trill,,,,,,,,
20260406_Poppy_trill(ecg_resp).acq,Poppy,30,1410.0,silence,trill,,,,,,,,
20260406_Poppy_trill(ecg_resp).acq,Poppy,30,1440.0,silence,trill,,,,,,,,
20260406_Poppy_trill(ecg_resp).acq,Poppy,30,1470.0,silence,trill,,,,,,,,
20260406_Poppy_trill(ecg_resp).acq,Poppy,30,1500.0,silence,trill,,,,,,,,
20260406_Poppy_trill(ecg_resp).acq,Poppy,30,1530.0,silence,trill,,,,,,,,
20260406_Poppy_trill(ecg_resp).acq,Poppy,30,1560.0,silence,trill,,,,,,,,
20260406_Poppy_trill(ecg_resp).acq,Poppy,30,1590.0,silence,trill,,,,,,,,
20260406_Poppy_trill(ecg_resp).acq,Poppy,30,1620.0,silence,trill,,,,,,,,
20260406_Poppy_trill(ecg_resp).acq,Poppy,30,1650.0,silence,trill,,,,,,,,
20260406_Poppy_trill(ecg_resp).acq,Poppy,30,1680.0,silence,trill,,,,,,,,
20260406_Poppy_trill(ecg_resp).acq,Poppy,30,1710.0,silence,trill,,,,,,,,
20260406_Poppy_trill(ecg_resp).acq,Poppy,30,1740.0,silence,trill,,,,,,,,
20260406_Poppy_trill(ecg_resp).acq,Poppy,30,1770.0,silence,trill,,,,,,,,
20260406_Poppy_trill(ecg_resp).acq,Poppy,30,1800.0,silence,trill,,,,,,,,
20260406_Poppy_trill(ecg_resp).acq,Poppy,30,1830.0,silence,trill,407.8807764676675,8.35716680952832,76.40530127574876,0.6048116104301777,3.2150500102564967,95.7629144332454,98.883171558882,2.4749587436425293
20260406_Poppy_trill(ecg_resp).acq,Poppy,30,1860.0,silence,trill,390.37551268546696,20.10919116817998,70.32284788395795,0.6734580880180593,5.881151676340608,91.49959497914475,98.74868436440183,6.0303688084872595
20260406_Poppy_trill(ecg_resp).acq,Poppy,30,1890.0,silence,trill,388.428971254265,22.644657589086886,69.8335932188844,0.6502532962052592,5.564754544152146,93.4656148105696,100.40930885276576,6.019871825968892
20260406_Poppy_trill(ecg_resp).acq,Poppy,30,1920.0,silence,trill,387.68467203094184,9.298115535352032,69.86858152893248,0.6816631783907212,4.9257847680277065,90.37658894410858,97.09975441468835,5.904850467104101
20260406_Poppy_trill(ecg_resp).acq,Poppy,30,1950.0,silence,trill,377.8229060537824,12.504670024556848,67.46294707236356,0.7078432558530443,4.750289672096418,88.46257001868744,98.56741901531984,6.089822723932051
20260406_Poppy_trill(ecg_resp).acq,Poppy,30,1980.0,silence,trill,370.7417506014245,15.618993254799888,67.60718659240129,0.6507207516625595,4.994541653996236,88.67726933858187,99.1638404864928,6.528728045893961
20260406_Poppy_trill(ecg_resp).acq,Poppy,30,2010.0,trill,trill,358.8030695111996,33.51313089186924,67.14686275409451,0.6581747095576198,6.961758045722345,90.42394747486387,101.30978832885043,7.75547143685658
20260406_Poppy_trill(ecg_resp).acq,Poppy,30,2040.0,washout,trill,368.3716730996206,17.24679033061791,71.95465638669356,0.6360647536124051,4.2037415553569515,91.24791926487472,98.54402993801894,4.865911727634889
20260406_Poppy_trill(ecg_resp).acq,Poppy,30,2070.0,silence,trill,361.2080788114696,32.789547837101956,66.99381114027884,0.6314864655190172,5.928903251103032,89.7823821775231,100.84200678283241,7.745893276924676
20260406_Poppy_trill(ecg_resp).acq,Poppy,30,2100.0,silence,trill,369.8653767460208,12.108397376794828,69.00898478759805,0.616759273739518,5.099094129920215,87.7168539013317,97.52660507542977,7.559714820553305
20260406_Poppy_trill(ecg_resp).acq,Poppy,30,2130.0,silence,trill,366.3819418127628,18.721729703340394,68.9354361996106,0.6036554267289251,5.87533978491806,86.98882700071289,97.47397965150275,7.702082544798854
20260406_Poppy_trill(ecg_resp).acq,Poppy,30,2160.0,silence,trill,351.2788919622008,29.524627134178154,65.54149473342875,0.6296150285477983,6.283579889186824,92.56640353954704,100.36253069816397,5.100175327505431
20260406_Poppy_trill(ecg_resp).acq,Poppy,30,2190.0,trill,trill,346.1324231519155,14.7970500244256,64.01142599846145,0.6866278900194743,5.662573774802646,84.91557846531542,96.87171091100456,6.838273539887538
20260406_Poppy_trill(ecg_resp).acq,Poppy,30,2220.0,washout,trill,342.5301518947051,28.435634428558327,66.90670458254378,0.6593376080383533,4.293064658189528,90.27203601917904,99.5789966085838,6.941255290514063
20260406_Poppy_trill(ecg_resp).acq,Poppy,30,2250.0,silence,trill,347.5071713022071,11.653295702586489,64.21658846337786,0.6542428680086011,4.188745458519735,81.14965973932519,96.31037305578295,7.662652275311639
20260406_Poppy_trill(ecg_resp).acq,Poppy,30,2280.0,silence,trill,343.05804211681215,12.736674728885898,62.09812972096018,0.6556505053122318,6.537614417281134,88.54082627306013,98.49140451409191,5.662389979306206
20260406_Poppy_trill(ecg_resp).acq,Poppy,30,2310.0,silence,trill,333.06299664762696,15.425288621748962,63.81209250336713,0.6477570119507221,6.779853865057374,83.52148945416168,97.33364518769734,8.988999884407589
20260406_Poppy_trill(ecg_resp).acq,Poppy,30,2340.0,silence,trill,345.58772636982786,16.51939365753023,61.91162053559781,0.6523991902576916,4.336141594256459,89.58042621919981,99.80704011226757,7.910145636373961
20260406_Poppy_trill(ecg_resp).acq,Poppy,30,2370.0,silence,trill,332.7987264830359,19.184992221107752,63.377173990074205,0.6622475744961793,6.6093603553272375,88.11478628288552,99.70178926441352,7.510577548427524
20260406_Poppy_trill(ecg_resp).acq,Poppy,30,2400.0,trill,trill,328.45113541191444,24.183642239256468,63.79172247577622,0.6826353270798872,5.956744542901181,92.59983153742856,100.63150508712431,7.3360791468854725
20260406_Poppy_trill(ecg_resp).acq,Poppy,30,2430.0,washout,trill,349.4866903232707,12.415488329776808,63.12912979083423,0.6692713767411513,5.745681141661558,88.0028898765821,97.89498304291897,6.187584904931523
20260406_Poppy_trill(ecg_resp).acq,Poppy,30,2460.0,silence,trill,332.9190632694035,23.539657148034188,64.77186217172223,0.6236410636115283,5.805615564212579,89.39220381825356,97.14653256929014,6.677059912186765
20260406_Poppy_trill(ecg_resp).acq,Poppy,30,2490.0,silence,trill,347.5610763690498,11.290978699789184,62.3100483750227,0.6551108639654272,8.127321669640038,88.56494026148128,98.95333879078471,7.380534325658111
20260406_Poppy_trill(ecg_resp).acq,Poppy,30,2520.0,silence,trill,335.47943267502643,18.527817706640747,61.982855150773794,0.6289629242422863,5.884520090492344,84.86597858570565,95.45667173430007,6.433924626707034
20260406_Poppy_trill(ecg_resp).acq,Poppy,30,2550.0,silence,trill,345.90400209682605,12.16622452055797,62.59632600389784,0.6199894555185663,6.599927147365362,88.65190768042677,96.73137644719915,6.267919212179574
20260407_Freddy_tsik(ecg_resp).acq,Freddy,30,0.0,silence,tsik,,,,,,,,
20260407_Freddy_tsik(ecg_resp).acq,Freddy,30,30.0,silence,tsik,,,,,,,,
20260407_Freddy_tsik(ecg_resp).acq,Freddy,30,60.0,silence,tsik,,,,,,,,
20260407_Freddy_tsik(ecg_resp).acq,Freddy,30,90.0,silence,tsik,,,,,,,,
20260407_Freddy_tsik(ecg_resp).acq,Freddy,30,120.0,silence,tsik,,,,,,,,
20260407_Freddy_tsik(ecg_resp).acq,Freddy,30,150.0,silence,tsik,,,,,,,,
20260407_Freddy_tsik(ecg_resp).acq,Freddy,30,180.0,silence,tsik,,,,,,,,
20260407_Freddy_tsik(ecg_resp).acq,Freddy,30,210.0,silence,tsik,,,,,,,,
20260407_Freddy_tsik(ecg_resp).acq,Freddy,30,240.0,silence,tsik,,,,,,,,
20260407_Freddy_tsik(ecg_resp).acq,Freddy,30,270.0,silence,tsik,,,,,,,,
20260407_Freddy_tsik(ecg_resp).acq,Freddy,30,300.0,silence,tsik,,,,,,,,
20260407_Freddy_tsik(ecg_resp).acq,Freddy,30,330.0,silence,tsik,,,,,,,,
20260407_Freddy_tsik(ecg_resp).acq,Freddy,30,360.0,silence,tsik,,,,,,,,
20260407_Freddy_tsik(ecg_resp).acq,Freddy,30,390.0,silence,tsik,,,,,,,,
20260407_Freddy_tsik(ecg_resp).acq,Freddy,30,420.0,silence,tsik,,,,,,,,
20260407_Freddy_tsik(ecg_resp).acq,Freddy,30,450.0,silence,tsik,,,,,,,,
20260407_Freddy_tsik(ecg_resp).acq,Freddy,30,480.0,silence,tsik,,,,,,,,
20260407_Freddy_tsik(ecg_resp).acq,Freddy,30,510.0,silence,tsik,,,,,,,,
20260407_Freddy_tsik(ecg_resp).acq,Freddy,30,540.0,silence,tsik,,,,,,,,
20260407_Freddy_tsik(ecg_resp).acq,Freddy,30,570.0,silence,tsik,,,,,,,,
20260407_Freddy_tsik(ecg_resp).acq,Freddy,30,600.0,silence,tsik,,,,,,,,
20260407_Freddy_tsik(ecg_resp).acq,Freddy,30,630.0,silence,tsik,,,,,,,,
20260407_Freddy_tsik(ecg_resp).acq,Freddy,30,660.0,silence,tsik,,,,,,,,
20260407_Freddy_tsik(ecg_resp).acq,Freddy,30,690.0,silence,tsik,,,,,,,,
20260407_Freddy_tsik(ecg_resp).acq,Freddy,30,720.0,silence,tsik,,,,,,,,
20260407_Freddy_tsik(ecg_resp).acq,Freddy,30,750.0,silence,tsik,,,,,,,,
20260407_Freddy_tsik(ecg_resp).acq,Freddy,30,780.0,silence,tsik,,,,,,,,
20260407_Freddy_tsik(ecg_resp).acq,Freddy,30,810.0,silence,tsik,,,,,,,,
20260407_Freddy_tsik(ecg_resp).acq,Freddy,30,840.0,silence,tsik,,,,,,,,
20260407_Freddy_tsik(ecg_resp).acq,Freddy,30,870.0,silence,tsik,,,,,,,,
20260407_Freddy_tsik(ecg_resp).acq,Freddy,30,900.0,silence,tsik,,,,,,,,
20260407_Freddy_tsik(ecg_resp).acq,Freddy,30,930.0,silence,tsik,,,,,,,,
20260407_Freddy_tsik(ecg_resp).acq,Freddy,30,960.0,silence,tsik,,,,,,,,
20260407_Freddy_tsik(ecg_resp).acq,Freddy,30,990.0,silence,tsik,,,,,,,,
20260407_Freddy_tsik(ecg_resp).acq,Freddy,30,1020.0,silence,tsik,,,,,,,,
20260407_Freddy_tsik(ecg_resp).acq,Freddy,30,1050.0,silence,tsik,,,,,,,,
20260407_Freddy_tsik(ecg_resp).acq,Freddy,30,1080.0,silence,tsik,,,,,,,,
20260407_Freddy_tsik(ecg_resp).acq,Freddy,30,1110.0,silence,tsik,,,,,,,,
20260407_Freddy_tsik(ecg_resp).acq,Freddy,30,1140.0,silence,tsik,,,,,,,,
20260407_Freddy_tsik(ecg_resp).acq,Freddy,30,1170.0,silence,tsik,,,,,,,,
20260407_Freddy_tsik(ecg_resp).acq,Freddy,30,1200.0,silence,tsik,,,,,,,,
20260407_Freddy_tsik(ecg_resp).acq,Freddy,30,1230.0,silence,tsik,,,,,,,,
20260407_Freddy_tsik(ecg_resp).acq,Freddy,30,1260.0,silence,tsik,,,,,,,,
20260407_Freddy_tsik(ecg_resp).acq,Freddy,30,1290.0,silence,tsik,,,,,,,,
20260407_Freddy_tsik(ecg_resp).acq,Freddy,30,1320.0,silence,tsik,334.6710597524578,10.76947128662177,82.83682550501322,0.0396866883918296,4.2871276328283825,81.3894919073689,92.6286588913275,6.76665705854831
20260407_Freddy_tsik(ecg_resp).acq,Freddy,30,1350.0,silence,tsik,331.70659251491827,12.71425863636815,75.63672691544741,0.05003792699276919,11.229325168323365,67.92191146867981,93.37772817274534,13.164376068395674
20260407_Freddy_tsik(ecg_resp).acq,Freddy,30,1380.0,silence,tsik,333.6409668192482,18.632557982714037,75.70418977211571,0.03913759135354556,6.317502996812575,76.43981644969912,96.92332277145643,13.627081021173584
20260407_Freddy_tsik(ecg_resp).acq,Freddy,30,1410.0,silence,tsik,330.26468543316224,12.533586663780506,76.05982103163556,0.03824223763917945,7.59749109702868,73.16654074463021,95.41269972059713,20.14585138214984
20260407_Freddy_tsik(ecg_resp).acq,Freddy,30,1440.0,silence,tsik,338.77838470741324,17.204216118706782,72.34581215377067,0.11083350690431669,14.113451109410216,84.86732128784992,102.3665595497594,8.09782010035204
20260407_Freddy_tsik(ecg_resp).acq,Freddy,30,1470.0,silence,tsik,330.2307755810701,7.598804592615219,73.92472430712952,0.05653167223045687,6.2385735912927585,75.52509575845035,100.38776819801394,14.4785744415224
20260407_Freddy_tsik(ecg_resp).acq,Freddy,30,1500.0,tsik,tsik,336.32270737148406,13.041194045766744,74.5560910697491,0.055911164376014795,11.490691682438085,74.37285457612299,89.43262995727805,8.55229980952099
20260407_Freddy_tsik(ecg_resp).acq,Freddy,30,1530.0,washout,tsik,318.3851369131157,10.696763768682274,77.648247283231,0.0390885808122698,4.9416263641881875,68.72227315379098,91.14924706052727,18.308327636761582
20260407_Freddy_tsik(ecg_resp).acq,Freddy,30,1560.0,silence,tsik,314.4057365683948,9.391472433689591,74.7296642112624,0.03818523205250497,6.081590210737748,61.82498279895666,88.1467276908441,15.051316847785534
20260407_Freddy_tsik(ecg_resp).acq,Freddy,30,1590.0,silence,tsik,325.73867298578796,18.661384182467998,73.22197215516469,0.03766847320332209,8.281131859502912,76.48166374163941,102.31662159766488,20.122159599554486
20260407_Freddy_tsik(ecg_resp).acq,Freddy,30,1620.0,silence,tsik,321.3823772545525,12.559974911874361,70.8476440708753,0.04214544705632851,6.003865685785453,71.225511510846,92.48508727905575,16.29601656119939
20260407_Freddy_tsik(ecg_resp).acq,Freddy,30,1650.0,silence,tsik,320.57876410246877,11.23743707785757,70.72283904246949,0.038527089723043674,4.796571509570153,60.93180186322391,89.76971113391609,17.66952608897787
20260407_Freddy_tsik(ecg_resp).acq,Freddy,30,1680.0,silence,tsik,315.4312014177783,8.26007195454379,71.8829810215704,0.03710491004888369,4.595668828224055,62.91449346898778,95.44391094065621,16.79269018674566
20260407_Freddy_tsik(ecg_resp).acq,Freddy,30,1710.0,tsik,tsik,313.155254438573,6.8537396102529495,73.24925975018492,0.03823657831898313,10.13281949120977,70.30777521970758,97.07313662774001,18.09473868916664
20260407_Freddy_tsik(ecg_resp).acq,Freddy,30,1740.0,washout,tsik,300.5463180371284,11.259554901626684,74.93755648512303,0.03426992302830012,5.005139883829738,65.97683091658904,92.35400015480762,16.655264650102737
20260407_Freddy_tsik(ecg_resp).acq,Freddy,30,1770.0,silence,tsik,319.9453647037364,12.578930597228778,73.1751490928649,0.04294096054216486,6.57240459820379,79.18415937333951,96.44891222655846,15.119713939945362
20260407_Freddy_tsik(ecg_resp).acq,Freddy,30,1800.0,silence,tsik,315.1377480221862,6.829061957547446,73.38201268134631,0.04047994162199838,8.508158414354774,80.0841623898277,96.60496832685385,18.948197441139836
20260407_Freddy_tsik(ecg_resp).acq,Freddy,30,1830.0,silence,tsik,307.7266817236308,7.7882872441482425,70.08016183659517,0.042368001973467656,5.815989074424144,70.30748370620593,96.9857452115746,17.505597209059793
20260407_Freddy_tsik(ecg_resp).acq,Freddy,30,1860.0,silence,tsik,309.9253496894411,9.155516612755829,71.48599994802753,0.039795569150631184,3.5807121354787266,74.72772027361228,94.77599083139197,14.279354166033203
20260407_Freddy_tsik(ecg_resp).acq,Freddy,30,1890.0,tsik,tsik,311.0697715641829,8.241469880583873,69.94563425147037,0.038560689634443694,8.317803257217216,61.71377551452362,97.08562111576363,15.113707951312849
20260407_Freddy_tsik(ecg_resp).acq,Freddy,30,1920.0,washout,tsik,312.4846296355263,9.004335219641026,79.46083363323308,0.04202334261972873,6.527344021278672,69.12520317517983,98.9832632953555,15.927427403996548
20260407_Freddy_tsik(ecg_resp).acq,Freddy,30,1950.0,silence,tsik,320.8986612481028,10.303487566556734,70.29840347800686,0.12393817833673215,12.027901089595554,83.32913127287027,96.43018549452303,8.807044140150559
20260407_Freddy_tsik(ecg_resp).acq,Freddy,30,1980.0,silence,tsik,310.99244032617014,7.4281799277256795,71.86035875291275,0.039977574688276105,5.778713399555242,63.502815150723634,97.99698874148866,14.527399439200982
20260407_Freddy_tsik(ecg_resp).acq,Freddy,30,2010.0,silence,tsik,303.2720436844325,13.33473220876746,73.022606744343,0.037167182238451564,3.6968810636420355,83.46109514835551,102.82848560663373,13.534107109190908
20260407_Freddy_tsik(ecg_resp).acq,Freddy,30,2040.0,silence,tsik,306.5412048036171,6.314650066462635,71.61700406479552,0.036984596237124655,6.911397569656748,59.62087811931695,90.04436987043596,15.594132435217492
20260413_Freddy_trill(ecg_resp).acq,Freddy,30,0.0,silence,trill,,,,,,,,
20260413_Freddy_trill(ecg_resp).acq,Freddy,30,30.0,silence,trill,,,,,,,,
20260413_Freddy_trill(ecg_resp).acq,Freddy,30,60.0,silence,trill,,,,,,,,
20260413_Freddy_trill(ecg_resp).acq,Freddy,30,90.0,silence,trill,,,,,,,,
20260413_Freddy_trill(ecg_resp).acq,Freddy,30,120.0,silence,trill,,,,,,,,
20260413_Freddy_trill(ecg_resp).acq,Freddy,30,150.0,silence,trill,,,,,,,,
20260413_Freddy_trill(ecg_resp).acq,Freddy,30,180.0,silence,trill,,,,,,,,
20260413_Freddy_trill(ecg_resp).acq,Freddy,30,210.0,silence,trill,,,,,,,,
20260413_Freddy_trill(ecg_resp).acq,Freddy,30,240.0,silence,trill,,,,,,,,
20260413_Freddy_trill(ecg_resp).acq,Freddy,30,270.0,silence,trill,,,,,,,,
20260413_Freddy_trill(ecg_resp).acq,Freddy,30,300.0,silence,trill,,,,,,,,
20260413_Freddy_trill(ecg_resp).acq,Freddy,30,330.0,silence,trill,,,,,,,,
20260413_Freddy_trill(ecg_resp).acq,Freddy,30,360.0,silence,trill,,,,,,,,
20260413_Freddy_trill(ecg_resp).acq,Freddy,30,390.0,silence,trill,,,,,,,,
20260413_Freddy_trill(ecg_resp).acq,Freddy,30,420.0,silence,trill,344.9058641129057,9.261444434606245,82.97927313083994,0.7464603778396087,4.2849641339570415,68.56102494478978,90.58107079421467,11.908681616146975
20260413_Freddy_trill(ecg_resp).acq,Freddy,30,450.0,silence,trill,324.14783863264154,16.089618622730807,81.2329006760672,0.7376218481599515,6.245386384689348,71.9272461076738,94.8439482364882,14.771502984060785
20260413_Freddy_trill(ecg_resp).acq,Freddy,30,480.0,silence,trill,328.7995457832968,16.2554012353681,80.40023590410973,0.7264980330163952,5.76161228562408,67.64043624794505,94.79319969550876,16.656709752655612
20260413_Freddy_trill(ecg_resp).acq,Freddy,30,510.0,silence,trill,329.04031940890894,14.478034539453336,82.012915881752,0.7045584384592334,6.42060236852032,67.08110007837554,93.29104288251713,10.420987302729339
20260413_Freddy_trill(ecg_resp).acq,Freddy,30,540.0,silence,trill,323.05553086143243,8.214091973192424,80.21994893702784,0.7143403515314013,6.0239846477435375,53.80067406353807,87.41436183709719,12.383327440976796
20260413_Freddy_trill(ecg_resp).acq,Freddy,30,570.0,silence,trill,321.13728684693706,20.58476156630505,81.22904321923852,0.708888594934841,4.4684540553935115,71.4095921727292,88.03856889114438,9.38621832780716
20260413_Freddy_trill(ecg_resp).acq,Freddy,30,600.0,trill,trill,316.4992396590724,31.19967517612044,79.4808917124298,0.6917489750147361,8.458206049177974,76.66575456608552,97.53362090839889,11.139518445185907
20260413_Freddy_trill(ecg_resp).acq,Freddy,30,630.0,washout,trill,334.8584474143354,8.63269714466542,83.18995488933565,0.7059386733207472,3.0619581723346303,71.87538499302032,91.90560771377822,11.575757094698911
20260413_Freddy_trill(ecg_resp).acq,Freddy,30,660.0,silence,trill,325.909724485425,10.618974991128955,81.29681479971354,0.6893878729753009,4.6771948425088015,68.54265770563659,89.62192336970311,9.483072087791143
20260413_Freddy_trill(ecg_resp).acq,Freddy,30,690.0,silence,trill,334.048672526252,8.020017894759498,79.55225536776878,0.7219538271992314,9.870891975532734,78.49982947089838,102.02994163917786,11.45768956305984
20260413_Freddy_trill(ecg_resp).acq,Freddy,30,720.0,silence,trill,337.0538527857923,8.270009891158315,80.53263841131556,0.6277065170468066,3.087301106676192,67.79845274671209,87.36361329611773,9.443144030572428
20260413_Freddy_trill(ecg_resp).acq,Freddy,30,750.0,silence,trill,316.0617192710785,16.87748118844619,78.81595900847904,0.598777937260753,4.468624293945682,71.0781153226986,89.94671403197158,13.074571448495538
20260413_Freddy_trill(ecg_resp).acq,Freddy,30,780.0,trill,trill,334.7735808417372,18.59689378825469,81.6547964787733,0.6316074785352455,7.130050069910089,87.70450429654949,102.38010657193605,6.194578646186674
20260413_Freddy_trill(ecg_resp).acq,Freddy,30,810.0,washout,trill,356.8610411429199,24.854117315001684,90.9381603428135,0.7899555559971502,13.776654224528038,85.73999160913942,101.52269788910235,9.343478121980866
20260413_Freddy_trill(ecg_resp).acq,Freddy,30,840.0,silence,trill,379.6636511215056,13.671789741544771,84.35525648029028,0.9085683102900768,7.50587759202801,84.87484324222834,101.56603518925426,8.43986278096874
20260413_Freddy_trill(ecg_resp).acq,Freddy,30,870.0,silence,trill,345.46119210133617,14.82948991669022,81.91357098696102,0.8590114706424832,4.545541576919817,79.59631580275395,98.898756660746,12.364531702487772
20260413_Freddy_trill(ecg_resp).acq,Freddy,30,900.0,silence,trill,341.41452022719966,14.539401419482804,77.24197842455375,0.8495361763411358,5.155269782094473,72.7281597144818,97.2392793707181,17.80161627845834
20260413_Freddy_trill(ecg_resp).acq,Freddy,30,930.0,silence,trill,325.9610376046133,12.643311671201358,77.23377890297826,0.7956794937132755,3.7039062940945047,65.31788372791806,88.20707284295206,12.715596145191897
20260413_Freddy_trill(ecg_resp).acq,Freddy,30,960.0,silence,trill,343.1042218854079,14.455622480946282,79.96798758959079,0.7753792044189706,5.428127280492813,79.75737262014692,102.31413346866279,12.012184287234923
20260413_Freddy_trill(ecg_resp).acq,Freddy,30,990.0,trill,trill,340.8440791213432,13.490804345409854,80.88256192868938,0.7820432575473255,4.633606831375073,81.43815479029271,100.86780005074854,14.680387039826304
20260413_Freddy_trill(ecg_resp).acq,Freddy,30,1020.0,washout,trill,366.58927291751866,24.74350894474531,79.01597452116334,0.7918697393819114,7.955503526771135,88.27858488723435,100.06089824917535,7.532744945666351
20260413_Freddy_trill(ecg_resp).acq,Freddy,30,1050.0,silence,trill,369.2477886345532,19.913562105564324,77.47044366621401,0.7421249056123069,4.759641817457159,89.92976559834199,102.0310188884723,9.961150053399583
20260413_Freddy_trill(ecg_resp).acq,Freddy,30,1080.0,silence,trill,403.6895990614221,20.55911797212842,78.80874354707268,0.7339723318355665,7.375328430704173,88.9578654631951,102.84699314894696,9.07295031076865
20260413_Freddy_trill(ecg_resp).acq,Freddy,30,1110.0,silence,trill,373.6232528134285,10.47312852264866,79.84015675150151,0.5818369191235043,4.87141680734059,70.71137158720583,91.62649073839127,13.19399017304749
20260413_Freddy_trill(ecg_resp).acq,Freddy,30,1140.0,silence,trill,366.1271004521071,14.10212995796502,81.13147280983108,0.6594285812725752,7.557523350096894,84.17331297662903,96.66582085765035,6.216770961881681
20260414_Poppy_silence(ecg_resp).acq,Poppy,30,0.0,silence,silence,,,,,,,,
20260414_Poppy_silence(ecg_resp).acq,Poppy,30,30.0,silence,silence,,,,,,,,
20260414_Poppy_silence(ecg_resp).acq,Poppy,30,60.0,silence,silence,,,,,,,,
20260414_Poppy_silence(ecg_resp).acq,Poppy,30,90.0,silence,silence,,,,,,,,
20260414_Poppy_silence(ecg_resp).acq,Poppy,30,120.0,silence,silence,,,,,,,,
20260414_Poppy_silence(ecg_resp).acq,Poppy,30,150.0,silence,silence,,,,,,,,
20260414_Poppy_silence(ecg_resp).acq,Poppy,30,180.0,silence,silence,,,,,,,,
20260414_Poppy_silence(ecg_resp).acq,Poppy,30,210.0,silence,silence,,,,,,,,
20260414_Poppy_silence(ecg_resp).acq,Poppy,30,240.0,silence,silence,,,,,,,,
20260414_Poppy_silence(ecg_resp).acq,Poppy,30,270.0,silence,silence,,,,,,,,
20260414_Poppy_silence(ecg_resp).acq,Poppy,30,300.0,silence,silence,,,,,,,,
20260414_Poppy_silence(ecg_resp).acq,Poppy,30,330.0,silence,silence,,,,,,,,
20260414_Poppy_silence(ecg_resp).acq,Poppy,30,360.0,silence,silence,,,,,,,,
20260414_Poppy_silence(ecg_resp).acq,Poppy,30,390.0,silence,silence,,,,,,,,
20260414_Poppy_silence(ecg_resp).acq,Poppy,30,420.0,silence,silence,,,,,,,,
20260414_Poppy_silence(ecg_resp).acq,Poppy,30,450.0,silence,silence,,,,,,,,
20260414_Poppy_silence(ecg_resp).acq,Poppy,30,480.0,silence,silence,,,,,,,,
20260414_Poppy_silence(ecg_resp).acq,Poppy,30,510.0,silence,silence,,,,,,,,
20260414_Poppy_silence(ecg_resp).acq,Poppy,30,540.0,silence,silence,,,,,,,,
20260414_Poppy_silence(ecg_resp).acq,Poppy,30,570.0,silence,silence,,,,,,,,
20260414_Poppy_silence(ecg_resp).acq,Poppy,30,600.0,silence,silence,,,,,,,,
20260414_Poppy_silence(ecg_resp).acq,Poppy,30,630.0,silence,silence,,,,,,,,
20260414_Poppy_silence(ecg_resp).acq,Poppy,30,660.0,silence,silence,,,,,,,,
20260414_Poppy_silence(ecg_resp).acq,Poppy,30,690.0,silence,silence,,,,,,,,
20260414_Poppy_silence(ecg_resp).acq,Poppy,30,720.0,silence,silence,,,,,,,,
20260414_Poppy_silence(ecg_resp).acq,Poppy,30,750.0,silence,silence,,,,,,,,
20260414_Poppy_silence(ecg_resp).acq,Poppy,30,780.0,silence,silence,,,,,,,,
20260414_Poppy_silence(ecg_resp).acq,Poppy,30,810.0,silence,silence,,,,,,,,
20260414_Poppy_silence(ecg_resp).acq,Poppy,30,840.0,silence,silence,381.45258988417277,0.524829192316326,67.30055222964963,0.47957051553299684,7.943678020222236,79.62948975744334,90.99289070972407,6.11252658574673
20260414_Poppy_silence(ecg_resp).acq,Poppy,30,870.0,silence,silence,392.02281674196706,25.675193792308686,72.18941636175099,0.4698150580621454,3.607335961758196,78.6154666371208,90.34220990480782,7.092477126448382
20260414_Poppy_silence(ecg_resp).acq,Poppy,30,900.0,silence,silence,401.42766347845946,5.24677814889726,69.70225398744657,0.4921392285954107,2.326228636315906,82.29604310790666,91.03506446559827,5.631973228324189
20260414_Poppy_silence(ecg_resp).acq,Poppy,30,930.0,silence,silence,399.11399838352094,5.696564693170288,68.91757806520704,0.4891452933942019,2.274710977793046,84.90276736195949,92.33642607543078,5.251675967032421
20260414_Poppy_silence(ecg_resp).acq,Poppy,30,960.0,silence,silence,388.71881729921364,8.417323528058844,68.98083764104251,0.4659395897644733,3.7646293880989425,86.38950999297121,97.07193637787685,8.376374040689344
20260414_Poppy_silence(ecg_resp).acq,Poppy,30,990.0,silence,silence,368.8803781198663,34.243429920545296,68.04956324267296,0.46344445327174344,4.34090291521977,87.44470723860971,100.49403542595495,6.450401688839285
20260414_Poppy_silence(ecg_resp).acq,Poppy,30,1020.0,silence,silence,381.5432377939164,9.596530059174512,66.54900045901375,0.4792773760713532,2.778113279197513,79.45312762585618,90.99289070972407,6.926004172085688
20260414_Poppy_silence(ecg_resp).acq,Poppy,30,1050.0,washout,silence,378.81620634139387,12.516039200778204,66.64997916126379,0.4799753392001116,3.579813077204513,89.84298537357569,95.98144354741535,5.633895675418913
20260414_Poppy_silence(ecg_resp).acq,Poppy,30,1080.0,silence,silence,364.9761755428769,8.6095319183207,66.35918466418939,0.45966978554751586,4.26667865589316,87.1723201029891,96.08989034823473,5.811164421735991
20260414_Poppy_silence(ecg_resp).acq,Poppy,30,1110.0,silence,silence,372.16669417771027,12.297973882294489,64.33301500119389,0.47513922312502294,4.6263607907233535,84.80373930831928,98.55404265574165,7.817822382110917
20260414_Poppy_silence(ecg_resp).acq,Poppy,30,1140.0,silence,silence,375.2472302309375,11.085008703981504,66.69317236585985,0.45468791518838947,6.426592649503569,91.43408737201256,98.57814194481263,4.615586070907585
20260414_Poppy_silence(ecg_resp).acq,Poppy,30,1170.0,silence,silence,352.3697028365508,20.211485713448255,66.92793442189917,0.4762831805620978,5.865251143713686,88.06449999688067,97.27678033498012,7.370221338738805
20260414_Poppy_silence(ecg_resp).acq,Poppy,30,1200.0,silence,silence,358.4996313528066,9.142678431908925,65.15214366859081,0.4564139939940721,5.015135183438757,90.59536261058868,97.12615977828654,5.083566289178933
20260414_Poppy_silence(ecg_resp).acq,Poppy,30,1230.0,silence,silence,356.58088119454476,13.86679141958454,64.76173899860535,0.452683992076136,6.363723493614889,91.36521141063567,99.6505603084709,5.899241278390372
20260414_Poppy_silence(ecg_resp).acq,Poppy,30,1260.0,washout,silence,350.73470154912656,13.052348213981327,66.03218978322656,0.43230175790299064,6.126429066498733,88.62448261102996,102.31353175081335,9.6577367543853
20260414_Poppy_silence(ecg_resp).acq,Poppy,30,1290.0,silence,silence,352.3183123094394,14.44826223389856,64.9032707277884,0.43266168347535555,4.0118416162320445,87.4372934917482,100.0,8.725226082353368
20260414_Poppy_silence(ecg_resp).acq,Poppy,30,1320.0,silence,silence,344.76723323313195,14.18510326908354,63.140805896657845,0.4573763107578277,7.421588178351813,92.44613412166225,101.31943607663574,6.004505152881015
20260414_Poppy_silence(ecg_resp).acq,Poppy,30,1350.0,silence,silence,326.46747567442446,20.448432007651423,65.85145014547457,0.4355959706862963,4.147967247565925,91.82205855349736,100.70490420532595,6.588271462951303
20260414_Poppy_silence(ecg_resp).acq,Poppy,30,1380.0,silence,silence,348.0225156783403,16.582212256275756,66.00094259334321,0.43920694285970013,6.11946464682229,90.08593824664429,98.69261356789974,7.60701555614994
20260414_Poppy_silence(ecg_resp).acq,Poppy,30,1410.0,silence,silence,347.134280142052,7.11105457189318,66.1252740388527,0.4223108391079154,6.96676084427037,93.00510357997798,99.44571635136764,4.1126166057658535
20260414_Poppy_silence(ecg_resp).acq,Poppy,30,1440.0,washout,silence,342.8211449332663,23.89049480596508,65.06413100535994,0.4320560318229937,6.371499909555083,91.16742038759125,100.92782262923244,7.185944820719859
20260414_Poppy_silence(ecg_resp).acq,Poppy,30,1470.0,silence,silence,334.61497571147765,13.730720730854388,63.2565147091651,0.46668149696837985,4.117139931656169,92.25128922025691,100.7531027834679,10.162235160602759
20260414_Poppy_silence(ecg_resp).acq,Poppy,30,1500.0,silence,silence,349.1603335715279,18.769699879819946,65.31350404641438,0.42762648923886704,6.842885357004088,89.20187095787459,100.13254608989035,6.786292972275465
20260414_Poppy_silence(ecg_resp).acq,Poppy,30,1530.0,silence,silence,342.8705800078923,14.802981768845964,61.659548440817865,0.43927186556536213,6.326284335650624,85.16857196636064,95.86697192432824,8.654002062910486
20260414_Poppy_silence(ecg_resp).acq,Poppy,30,1560.0,silence,silence,325.1146779692309,20.96024212006301,62.429117944990395,0.4339958885725079,7.595854830055734,90.30093356344697,100.52415953729366,8.649589198233162
20260416_Freddy_silence(ecg_resp).acq,Freddy,30,0.0,silence,silence,,,,,,,,
20260416_Freddy_silence(ecg_resp).acq,Freddy,30,30.0,silence,silence,,,,,,,,
20260416_Freddy_silence(ecg_resp).acq,Freddy,30,60.0,silence,silence,,,,,,,,
20260416_Freddy_silence(ecg_resp).acq,Freddy,30,90.0,silence,silence,,,,,,,,
20260416_Freddy_silence(ecg_resp).acq,Freddy,30,120.0,silence,silence,,,,,,,,
20260416_Freddy_silence(ecg_resp).acq,Freddy,30,150.0,silence,silence,,,,,,,,
20260416_Freddy_silence(ecg_resp).acq,Freddy,30,180.0,silence,silence,,,,,,,,
20260416_Freddy_silence(ecg_resp).acq,Freddy,30,210.0,silence,silence,,,,,,,,
20260416_Freddy_silence(ecg_resp).acq,Freddy,30,240.0,silence,silence,,,,,,,,
20260416_Freddy_silence(ecg_resp).acq,Freddy,30,270.0,silence,silence,,,,,,,,
20260416_Freddy_silence(ecg_resp).acq,Freddy,30,300.0,silence,silence,,,,,,,,
20260416_Freddy_silence(ecg_resp).acq,Freddy,30,330.0,silence,silence,,,,,,,,
20260416_Freddy_silence(ecg_resp).acq,Freddy,30,360.0,silence,silence,,,,,,,,
20260416_Freddy_silence(ecg_resp).acq,Freddy,30,390.0,silence,silence,,,,,,,,
20260416_Freddy_silence(ecg_resp).acq,Freddy,30,420.0,silence,silence,,,,,,,,
20260416_Freddy_silence(ecg_resp).acq,Freddy,30,450.0,silence,silence,,,,,,,,
20260416_Freddy_silence(ecg_resp).acq,Freddy,30,480.0,silence,silence,,,,,,,,
20260416_Freddy_silence(ecg_resp).acq,Freddy,30,510.0,silence,silence,,,,,,,,
20260416_Freddy_silence(ecg_resp).acq,Freddy,30,540.0,silence,silence,,,,,,,,
20260416_Freddy_silence(ecg_resp).acq,Freddy,30,570.0,silence,silence,,,,,,,,
20260416_Freddy_silence(ecg_resp).acq,Freddy,30,600.0,silence,silence,,,,,,,,
20260416_Freddy_silence(ecg_resp).acq,Freddy,30,630.0,silence,silence,,,,,,,,
20260416_Freddy_silence(ecg_resp).acq,Freddy,30,660.0,silence,silence,,,,,,,,
20260416_Freddy_silence(ecg_resp).acq,Freddy,30,690.0,silence,silence,,,,,,,,
20260416_Freddy_silence(ecg_resp).acq,Freddy,30,720.0,silence,silence,,,,,,,,
20260416_Freddy_silence(ecg_resp).acq,Freddy,30,750.0,silence,silence,,,,,,,,
20260416_Freddy_silence(ecg_resp).acq,Freddy,30,780.0,silence,silence,,,,,,,,
20260416_Freddy_silence(ecg_resp).acq,Freddy,30,810.0,silence,silence,,,,,,,,
20260416_Freddy_silence(ecg_resp).acq,Freddy,30,840.0,silence,silence,,,,,,,,
20260416_Freddy_silence(ecg_resp).acq,Freddy,30,870.0,silence,silence,330.92335861531177,10.140620637853745,92.75813519696882,1.329321584211636,6.4185645827532465,83.32581199096563,98.9414162666842,8.720813047384981
20260416_Freddy_silence(ecg_resp).acq,Freddy,30,900.0,silence,silence,315.59496403965494,11.127136696850881,89.96686120399532,1.3302809942678966,7.40910901502784,63.65842176054748,94.01012558353607,15.322565026123806
20260416_Freddy_silence(ecg_resp).acq,Freddy,30,930.0,silence,silence,316.5863817025053,9.151843984014311,86.84405687332571,1.2917082102855366,5.809362426007215,71.73783179616875,103.40587809849431,20.174699673491734
20260416_Freddy_silence(ecg_resp).acq,Freddy,30,960.0,silence,silence,302.6658328006438,8.391511554286847,82.09032076032993,1.306111040822473,6.949235673264016,44.19551420817883,82.89828391084227,8.917545970324909
20260416_Freddy_silence(ecg_resp).acq,Freddy,30,990.0,silence,silence,305.4546404050115,6.7697903177277,84.17770365664154,1.3022434161714442,5.178137278249102,49.974731706371955,93.674797817082,13.338969103522931
20260416_Freddy_silence(ecg_resp).acq,Freddy,30,1020.0,silence,silence,310.1687458454145,15.231712610557796,81.1604694732635,1.3477038423856191,6.88907007666528,62.69106171764906,93.05674271812742,17.766255987629837
20260416_Freddy_silence(ecg_resp).acq,Freddy,30,1050.0,silence,silence,309.453464837945,11.72506739739449,86.4668281514534,1.2987943900897159,4.036718314086679,66.04158249732293,101.36103622854888,14.663975016100245
20260416_Freddy_silence(ecg_resp).acq,Freddy,30,1080.0,washout,silence,307.6468628283573,13.571589129892288,83.35082186063696,1.336130371793877,4.817286766094982,62.368496814861125,96.31796962324938,19.67833652778303
20260416_Freddy_silence(ecg_resp).acq,Freddy,30,1110.0,silence,silence,293.0765281452664,8.541300004686343,83.88031782972483,1.2632374702948785,5.4043028401762525,53.11229432608911,94.16890186280311,16.55123092835512
20260416_Freddy_silence(ecg_resp).acq,Freddy,30,1140.0,silence,silence,282.55369015973974,13.431024740043364,77.60382533238356,1.2964278484738752,7.033592164230954,58.76829698597699,101.76211453744493,17.933028175508127
20260416_Freddy_silence(ecg_resp).acq,Freddy,30,1170.0,silence,silence,307.79142141351764,9.856430574994857,85.39471359778507,1.29159040148692,4.176335704653103,53.39129415323768,80.7285160102571,9.489707803322123
20260416_Freddy_silence(ecg_resp).acq,Freddy,30,1200.0,silence,silence,282.8959836240359,10.281515395590954,77.1483194015759,1.3100339167631172,4.720432951231387,41.51297993625203,65.04701163784601,9.098298143266137
20260416_Freddy_silence(ecg_resp).acq,Freddy,30,1230.0,silence,silence,294.3779170449535,16.291073937880732,83.61445984045619,1.2223145048151889,5.475545693150478,65.945270763181,100.92708264843185,15.238381157274942
20260416_Freddy_silence(ecg_resp).acq,Freddy,30,1260.0,washout,silence,295.88524176538004,13.760046741284166,82.74944823688485,1.301406349687317,5.905845872930617,51.88382086637622,100.0,16.822453601112638
20260416_Freddy_silence(ecg_resp).acq,Freddy,30,1290.0,silence,silence,281.4307013010301,12.15841965049492,80.25639981354128,1.2348559847327425,6.029305680287009,45.906166555425635,67.90058517982773,9.622285372018943
20260416_Freddy_silence(ecg_resp).acq,Freddy,30,1320.0,silence,silence,281.70151267756336,9.082163862902977,79.97002859246956,1.2126138179261348,6.697341116466759,40.328857519879016,79.80800841606943,7.141085818083629
20260416_Freddy_silence(ecg_resp).acq,Freddy,30,1350.0,silence,silence,293.40772395930804,20.530490709685594,81.8364904961055,1.2478718894957896,4.835251128123931,57.79042886788251,96.94259977644816,15.09841383306373
20260416_Freddy_silence(ecg_resp).acq,Freddy,30,1380.0,silence,silence,302.596159832655,33.923541816917236,81.39715361024204,1.2625513082454731,6.315704618611782,49.237082430937306,98.25103557104346,18.77627517828326
20260416_Freddy_silence(ecg_resp).acq,Freddy,30,1410.0,silence,silence,313.6280092493045,18.08548777725499,82.12842830760262,1.5453547393368945,7.38650308858183,59.45396665765987,95.91689131435335,15.937168925988852
20260416_Freddy_silence(ecg_resp).acq,Freddy,30,1440.0,silence,silence,284.5600524141903,10.212757549601868,82.63853751345206,1.353402778035628,5.390114091255163,55.68971769266529,93.53014662370964,16.357204704764378
20260416_Freddy_silence(ecg_resp).acq,Freddy,30,1470.0,washout,silence,294.73089124217535,14.800817525445579,83.69385933438288,1.3199638061195433,6.430735845366775,62.04412773292025,104.08968373989084,20.314271360332693
20260416_Freddy_silence(ecg_resp).acq,Freddy,30,1500.0,silence,silence,292.30581193091473,12.380438245314563,79.66760022598405,1.3978236611822983,4.95997740348398,55.312406752049164,101.15063449273455,23.970293545075844
20260416_Freddy_silence(ecg_resp).acq,Freddy,30,1530.0,silence,silence,292.73888156729186,9.970665346093858,86.43283652190728,1.32422610782782,5.90877420553508,57.73605959713327,90.2031691761457,16.24057756635638
20260416_Freddy_silence(ecg_resp).acq,Freddy,30,1560.0,silence,silence,290.2800920884642,9.06112310403787,77.51207194291898,1.3879606687300674,5.71104179502685,60.756166808159236,98.4154119271484,20.031268491400287
20260416_Freddy_silence(ecg_resp).acq,Freddy,30,1590.0,silence,silence,290.2769834787009,14.419380699522039,79.76441824674237,1.321863215856171,5.780559337308191,70.66005968012959,99.84219869813926,18.069811031519812
20260417_Poppy_tsik(ecg_resp).acq,Poppy,30,0.0,silence,tsik,,,,,,,,
20260417_Poppy_tsik(ecg_resp).acq,Poppy,30,30.0,silence,tsik,,,,,,,,
20260417_Poppy_tsik(ecg_resp).acq,Poppy,30,60.0,silence,tsik,,,,,,,,
20260417_Poppy_tsik(ecg_resp).acq,Poppy,30,90.0,silence,tsik,,,,,,,,
20260417_Poppy_tsik(ecg_resp).acq,Poppy,30,120.0,silence,tsik,,,,,,,,
20260417_Poppy_tsik(ecg_resp).acq,Poppy,30,150.0,silence,tsik,,,,,,,,
20260417_Poppy_tsik(ecg_resp).acq,Poppy,30,180.0,silence,tsik,,,,,,,,
20260417_Poppy_tsik(ecg_resp).acq,Poppy,30,210.0,silence,tsik,,,,,,,,
20260417_Poppy_tsik(ecg_resp).acq,Poppy,30,240.0,silence,tsik,,,,,,,,
20260417_Poppy_tsik(ecg_resp).acq,Poppy,30,270.0,silence,tsik,,,,,,,,
20260417_Poppy_tsik(ecg_resp).acq,Poppy,30,300.0,silence,tsik,,,,,,,,
20260417_Poppy_tsik(ecg_resp).acq,Poppy,30,330.0,silence,tsik,,,,,,,,
20260417_Poppy_tsik(ecg_resp).acq,Poppy,30,360.0,silence,tsik,,,,,,,,
20260417_Poppy_tsik(ecg_resp).acq,Poppy,30,390.0,silence,tsik,,,,,,,,
20260417_Poppy_tsik(ecg_resp).acq,Poppy,30,420.0,silence,tsik,,,,,,,,
20260417_Poppy_tsik(ecg_resp).acq,Poppy,30,450.0,silence,tsik,,,,,,,,
20260417_Poppy_tsik(ecg_resp).acq,Poppy,30,480.0,silence,tsik,,,,,,,,
20260417_Poppy_tsik(ecg_resp).acq,Poppy,30,510.0,silence,tsik,,,,,,,,
20260417_Poppy_tsik(ecg_resp).acq,Poppy,30,540.0,silence,tsik,,,,,,,,
20260417_Poppy_tsik(ecg_resp).acq,Poppy,30,570.0,silence,tsik,,,,,,,,
20260417_Poppy_tsik(ecg_resp).acq,Poppy,30,600.0,silence,tsik,,,,,,,,
20260417_Poppy_tsik(ecg_resp).acq,Poppy,30,630.0,silence,tsik,,,,,,,,
20260417_Poppy_tsik(ecg_resp).acq,Poppy,30,660.0,silence,tsik,,,,,,,,
20260417_Poppy_tsik(ecg_resp).acq,Poppy,30,690.0,silence,tsik,,,,,,,,
20260417_Poppy_tsik(ecg_resp).acq,Poppy,30,720.0,silence,tsik,,,,,,,,
20260417_Poppy_tsik(ecg_resp).acq,Poppy,30,750.0,silence,tsik,,,,,,,,
20260417_Poppy_tsik(ecg_resp).acq,Poppy,30,780.0,silence,tsik,424.1173103249868,2.040410358356056,88.19591461257352,0.10149571374654673,4.585839324911873,95.95429376746335,99.89814395654142,3.1088710788719567
20260417_Poppy_tsik(ecg_resp).acq,Poppy,30,810.0,silence,tsik,428.19309230105307,1.8633139832689676,92.72472287277746,0.0909191522343028,4.71375371016923,95.29940744617957,101.75984608420099,3.0658116242465097
20260417_Poppy_tsik(ecg_resp).acq,Poppy,30,840.0,silence,tsik,427.97447926995125,1.510590220771032,91.20593502961275,0.09000156961280546,3.3960844699174273,94.74124026973851,101.45427795382527,2.5599655313785235
20260417_Poppy_tsik(ecg_resp).acq,Poppy,30,870.0,silence,tsik,426.78971903795116,1.2323471573178966,88.98579266019723,0.08868830176982526,3.475679175728465,94.45237400726941,99.473743775464,2.5991812989291447
20260417_Poppy_tsik(ecg_resp).acq,Poppy,30,900.0,silence,tsik,425.92896463740215,1.1134778372284366,88.36451922966977,0.08316266137898971,2.885390661780243,93.27148629477823,98.54572204617475,2.8966280514792566
20260417_Poppy_tsik(ecg_resp).acq,Poppy,30,930.0,silence,tsik,424.449097269847,2.1297428260746103,84.58742650185862,0.08476814221576827,2.6667689909831935,93.27963331824355,99.50203712086918,3.7062293994987527
20260417_Poppy_tsik(ecg_resp).acq,Poppy,30,960.0,tsik,tsik,420.8735557960763,6.7792073769191274,82.63285554856833,0.08594021873650838,4.930270508168492,92.58216817945126,100.94499773653236,4.923312641479222
20260417_Poppy_tsik(ecg_resp).acq,Poppy,30,990.0,washout,tsik,423.97160935953184,1.3872841468351818,83.14954214844991,0.08098642516237979,5.195437080059122,93.08694894311391,96.9726120416478,2.3674621226973938
20260417_Poppy_tsik(ecg_resp).acq,Poppy,30,1020.0,silence,tsik,416.7625178844823,4.675396778803705,81.1935425231453,0.09475619947651345,3.601202165732992,92.6146227200262,99.67745586238117,5.599006136162311
20260417_Poppy_tsik(ecg_resp).acq,Poppy,30,1050.0,silence,tsik,420.65347511271284,2.1752931992022306,80.57917501550548,0.07454908136913375,4.5942601197007775,89.12831421379265,97.75350837483025,4.80282308645355
20260417_Poppy_tsik(ecg_resp).acq,Poppy,30,1080.0,silence,tsik,417.36896139346265,7.223913635397624,80.67810218646133,0.0856131913678781,5.003635072956357,94.61776218500076,99.38886373924854,3.5353094102072253
20260417_Poppy_tsik(ecg_resp).acq,Poppy,30,1110.0,silence,tsik,419.6570377321594,4.339528137157018,78.31880894542684,0.0801125998304843,3.7975146298785867,94.42939230556134,99.81326392032594,2.790848954280608
20260417_Poppy_tsik(ecg_resp).acq,Poppy,30,1140.0,tsik,tsik,411.6111317791235,4.593102907065522,77.82949203303785,0.08967545258461439,3.6962961710449274,93.47788042730612,100.99592575826166,5.086510429344345
20260417_Poppy_tsik(ecg_resp).acq,Poppy,30,1170.0,washout,tsik,404.543030404329,4.368075443851085,78.2010205797163,0.08893623932418955,5.116658987161389,89.75454732596545,98.36464463558171,5.306316491652403
20260417_Poppy_tsik(ecg_resp).acq,Poppy,30,1200.0,silence,tsik,404.64998950323474,8.493771751384218,74.3703915119537,0.09265112261114172,3.886548109024916,90.61007539460978,97.52150294250792,5.038750611557557
20260417_Poppy_tsik(ecg_resp).acq,Poppy,30,1230.0,silence,tsik,400.840200136104,7.3971682461098505,75.29467849485745,0.08532159945020822,4.404736439198787,90.92172632221063,99.54730647351742,5.908527013687103
20260417_Poppy_tsik(ecg_resp).acq,Poppy,30,1260.0,silence,tsik,399.3106912628497,10.21348201009177,74.06131758422899,0.08770704053501925,3.6960596590142414,90.46067172756725,100.37913082842915,6.842681591700517
20260417_Poppy_tsik(ecg_resp).acq,Poppy,30,1290.0,silence,tsik,392.40790596541706,11.3755100058072,70.10703958506444,0.08773613027706431,4.252653080950036,90.75448385395903,98.415572657311,5.197842877588732
20260417_Poppy_tsik(ecg_resp).acq,Poppy,30,1320.0,silence,tsik,384.1164961304363,13.215822541900938,75.05339876941976,0.07424827582305507,6.3495126345601856,,,
20260417_Poppy_tsik(ecg_resp).acq,Poppy,30,1350.0,tsik,tsik,361.4560339643308,20.972727379802354,68.1245221552376,0.09018823981275073,4.109768330347726,,,
20260417_Poppy_tsik(ecg_resp).acq,Poppy,30,1380.0,washout,tsik,385.9957534351486,19.759792534310318,73.27107897248993,0.07923977415805575,4.102765098122968,93.32754275248008,100.40328667060503,6.80544522824618
20260417_Poppy_tsik(ecg_resp).acq,Poppy,30,1410.0,silence,tsik,386.95569596212005,9.512168255754439,73.78050283301572,0.08560041670413227,3.5142360286881678,94.48385902518967,100.53757356269806,4.1407961863531915
20260417_Poppy_tsik(ecg_resp).acq,Poppy,30,1440.0,silence,tsik,367.89151662928,12.115547041937678,68.70914811288293,0.10001681078692087,2.706161903823398,93.17839421287078,100.0,6.665593834126784
20260417_Poppy_tsik(ecg_resp).acq,Poppy,30,1470.0,silence,tsik,378.274491832548,8.032984768037382,70.93243515830332,0.09325493707797672,3.1193372848463774,95.02373567395641,100.91104572204617,3.5392147970842824
20260417_Poppy_tsik(ecg_resp).acq,Poppy,30,1500.0,silence,tsik,362.9925758941814,13.747562485358964,70.28937566488293,0.0974637356726832,3.9384590110860924,,,
20260511_Plusle_silence(ecg_resp).acq,Plusle,30,0.0,silence,silence,,,,,,,,
20260511_Plusle_silence(ecg_resp).acq,Plusle,30,30.0,silence,silence,,,,,,,,
20260511_Plusle_silence(ecg_resp).acq,Plusle,30,60.0,silence,silence,,,,,,,,
20260511_Plusle_silence(ecg_resp).acq,Plusle,30,90.0,silence,silence,,,,,,,,
20260511_Plusle_silence(ecg_resp).acq,Plusle,30,120.0,silence,silence,,,,,,,,
20260511_Plusle_silence(ecg_resp).acq,Plusle,30,150.0,silence,silence,,,,,,,,
20260511_Plusle_silence(ecg_resp).acq,Plusle,30,180.0,silence,silence,,,,,,,,
20260511_Plusle_silence(ecg_resp).acq,Plusle,30,210.0,silence,silence,,,,,,,,
20260511_Plusle_silence(ecg_resp).acq,Plusle,30,240.0,silence,silence,,,,,,,,
20260511_Plusle_silence(ecg_resp).acq,Plusle,30,270.0,silence,silence,,,,,,,,
20260511_Plusle_silence(ecg_resp).acq,Plusle,30,300.0,silence,silence,,,,,,,,
20260511_Plusle_silence(ecg_resp).acq,Plusle,30,330.0,silence,silence,,,,,,,,
20260511_Plusle_silence(ecg_resp).acq,Plusle,30,360.0,silence,silence,,,,,,,,
20260511_Plusle_silence(ecg_resp).acq,Plusle,30,390.0,silence,silence,380.26842340072415,0.9686581075625359,131.13923862763414,0.12937049613695625,3.0534055266214817,67.79317633547308,75.45088054317844,5.137733545272479
20260511_Plusle_silence(ecg_resp).acq,Plusle,30,420.0,silence,silence,390.3556311502115,2.1590150598790068,120.58483660447651,0.14468378305983995,6.476233989036598,69.16922049935393,89.57493457811727,13.313192446588685
20260511_Plusle_silence(ecg_resp).acq,Plusle,30,450.0,silence,silence,390.3685899366354,4.730275339440601,126.04844465888749,0.13114249071168207,9.146361211257876,76.94334880648435,96.83145908480091,15.800323122408708
20260511_Plusle_silence(ecg_resp).acq,Plusle,30,480.0,silence,silence,392.2445280935042,3.038814385002585,118.93459983127232,0.1488407483497571,6.569026238367217,73.75515040499239,105.20546007496993,16.479533698452943
20260511_Plusle_silence(ecg_resp).acq,Plusle,30,510.0,silence,silence,398.1083528025111,5.05986001562081,119.2797114483917,0.18477844425593778,16.713394531392442,73.48439464104372,100.87700686045689,17.34210587622666
20260511_Plusle_silence(ecg_resp).acq,Plusle,30,540.0,silence,silence,393.4847151706249,6.804786047946746,113.82667410346089,0.16403805849675493,4.272106216305915,72.27926634064508,99.61807765754297,18.583997326060096
20260511_Plusle_silence(ecg_resp).acq,Plusle,30,570.0,silence,silence,393.79747897258204,6.440314004114192,119.89774581841114,0.17909750021820564,14.481906309094166,74.4736379753836,100.76384468491406,20.904607674958033
20260511_Plusle_silence(ecg_resp).acq,Plusle,30,600.0,washout,silence,390.6130472482802,4.142065105475378,109.73058195864864,0.17497134414997192,6.327950324688148,68.9405106627652,96.60513473371526,17.25047071545005
20260511_Plusle_silence(ecg_resp).acq,Plusle,30,630.0,silence,silence,385.01848840666725,3.2399394344002395,113.5258020605482,0.15624537234194277,9.885532131206649,64.93217829479316,81.25751467571965,12.568622129395683
20260511_Plusle_silence(ecg_resp).acq,Plusle,30,660.0,silence,silence,379.8321834405129,6.853023818475443,111.53492923070085,0.16157449065131954,7.025926543542033,69.44078034436644,92.09986561991654,14.590839138841933
20260511_Plusle_silence(ecg_resp).acq,Plusle,30,690.0,silence,silence,378.99925696100513,4.237084443284257,124.4407341714337,0.1419744500478291,24.298590833162656,64.5683058159757,99.52613338991442,19.19279560328919
20260511_Plusle_silence(ecg_resp).acq,Plusle,30,720.0,silence,silence,374.9798815463382,3.193750242394485,108.52458669273815,0.16609793936293324,9.415043280802616,69.37406350297945,87.29047315934649,14.624943928427985
20260511_Plusle_silence(ecg_resp).acq,Plusle,30,750.0,silence,silence,365.53998668946224,7.462138157976314,116.65763325594608,0.1531285941504129,6.2145044776907294,72.0348265173974,102.6663837612278,21.18846068454308
20260511_Plusle_silence(ecg_resp).acq,Plusle,30,780.0,silence,silence,362.5184175369665,7.266957764287225,115.61520475350396,0.15513370331853216,11.965846446958174,81.52959797987131,97.54579531791498,14.179990124453715
20260511_Plusle_silence(ecg_resp).acq,Plusle,30,810.0,washout,silence,362.23478371674133,4.609638056495747,104.07535129285596,0.15852251287548122,6.727713242425593,65.70713899625099,86.6539359219181,16.761807635576428
20260511_Plusle_silence(ecg_resp).acq,Plusle,30,840.0,silence,silence,350.56195740630415,8.233531404935624,117.02608999682099,0.1707823984764148,5.335785174487168,73.64648492245337,96.01810594808686,16.611872611125843
20260511_Plusle_silence(ecg_resp).acq,Plusle,30,870.0,silence,silence,358.20251014033954,7.383711729448223,115.47021469440833,0.16327471498899468,11.032355133166034,69.15387832772225,100.47386661008557,21.363391302117243
20260511_Plusle_silence(ecg_resp).acq,Plusle,30,900.0,silence,silence,346.1136979134813,8.56405703523407,116.55525382517307,0.16521248791606374,8.857136684004134,73.98642388399986,100.58702878562839,18.12509807306296
20260511_Plusle_silence(ecg_resp).acq,Plusle,30,930.0,silence,silence,349.1622899192498,4.31331369660289,125.83368820335306,0.15120702826988178,21.03457006532591,66.73594837951241,95.86250795671548,19.422248091821043
20260511_Plusle_silence(ecg_resp).acq,Plusle,30,960.0,silence,silence,344.06610694570577,5.6995792440092465,112.46808513842821,0.1609449113846689,5.985818105398734,78.38989725128093,99.34931749062875,16.823292365719
20260511_Plusle_silence(ecg_resp).acq,Plusle,30,990.0,washout,silence,343.5368301487799,10.837957552593831,111.12084604661558,0.17167414512877546,11.215593644360624,79.70054959569296,94.28531013508736,9.601204692480502
20260511_Plusle_silence(ecg_resp).acq,Plusle,30,1020.0,silence,silence,339.3695156745157,5.347413737734184,109.79398865546082,0.16424920427648868,9.482172189017438,78.19559747289156,101.47818091802814,19.127281833392818
20260511_Plusle_silence(ecg_resp).acq,Plusle,30,1050.0,silence,silence,342.3921573279945,8.356142943347793,106.74010974124012,0.17020241575426717,12.97133406536627,71.0332423946327,87.50972487446072,11.646576183619036
20260511_Plusle_silence(ecg_resp).acq,Plusle,30,1080.0,silence,silence,339.54865160276347,7.2315209698009575,105.29304804084889,0.18477247820599205,8.813763922936987,68.27037353595053,96.11005021571539,16.344165231504377
20260511_Plusle_silence(ecg_resp).acq,Plusle,30,1110.0,silence,silence,333.3305075553892,8.349012265511124,115.65152770844436,0.18533584327286076,13.93106083175381,79.02038786819266,99.469552302143,17.840301302102116
20260515_Plusle_tsik(ecg_resp).acq,Plusle,30,0.0,silence,tsik,,,,,,,,
20260515_Plusle_tsik(ecg_resp).acq,Plusle,30,30.0,silence,tsik,,,,,,,,
20260515_Plusle_tsik(ecg_resp).acq,Plusle,30,60.0,silence,tsik,,,,,,,,
20260515_Plusle_tsik(ecg_resp).acq,Plusle,30,90.0,silence,tsik,,,,,,,,
20260515_Plusle_tsik(ecg_resp).acq,Plusle,30,120.0,silence,tsik,,,,,,,,
20260515_Plusle_tsik(ecg_resp).acq,Plusle,30,150.0,silence,tsik,,,,,,,,
20260515_Plusle_tsik(ecg_resp).acq,Plusle,30,180.0,silence,tsik,379.64029397275704,6.876555721122623,95.16917815777573,0.06283689761361501,12.12941271297215,70.91277420439813,89.86787356741368,10.172013223514073
20260515_Plusle_tsik(ecg_resp).acq,Plusle,30,210.0,silence,tsik,379.62650583902143,2.679398143285228,89.24187227923404,0.07220235255803767,6.742541758306601,69.10815339176207,95.60551865099643,18.93502113289425
20260515_Plusle_tsik(ecg_resp).acq,Plusle,30,240.0,silence,tsik,376.47587148345576,4.375924069828642,91.24952024131248,0.07298232916037653,17.567004681508575,75.29386525185708,98.36484414920797,17.472075905000914
20260515_Plusle_tsik(ecg_resp).acq,Plusle,30,270.0,silence,tsik,367.889319386121,5.949819597669354,90.59641601450701,0.07137645331264875,9.14055184762795,74.98149073475692,101.02927220965034,21.799092285319013
20260515_Plusle_tsik(ecg_resp).acq,Plusle,30,300.0,silence,tsik,363.8406409274354,7.405840433834789,85.94847412151132,0.06979173434137885,13.138212395208864,71.00528629666923,95.64201766552303,18.119521145629424
20260515_Plusle_tsik(ecg_resp).acq,Plusle,30,330.0,silence,tsik,352.54328028929973,8.419600416849887,81.92467903659984,0.069166273934645,7.761165545909844,79.48634252853485,102.05854441930069,18.901900536153065
20260515_Plusle_tsik(ecg_resp).acq,Plusle,30,360.0,tsik,tsik,330.12000891587473,15.502510889125977,86.50938973676828,0.058964298103135436,10.620394095422418,83.34959858397347,99.70070808088181,9.351000597493375
20260515_Plusle_tsik(ecg_resp).acq,Plusle,30,390.0,washout,tsik,329.6975008789925,8.640302661596479,86.75993678866534,0.06699754731507042,6.1515357713047125,73.25985204451172,91.4665304036791,12.62071995492043
20260515_Plusle_tsik(ecg_resp).acq,Plusle,30,420.0,silence,tsik,327.26921272635326,5.505910794232255,79.90141884818415,0.07495766742348153,6.660267046070668,78.73153463599007,94.56894663844076,12.744849381272385
20260515_Plusle_tsik(ecg_resp).acq,Plusle,30,450.0,silence,tsik,326.83701966422933,4.6632855560810516,83.88617009779873,0.07187550805729646,9.523936724444681,64.27234677580881,88.25461712533762,19.921745794355378
20260515_Plusle_tsik(ecg_resp).acq,Plusle,30,480.0,silence,tsik,317.10512166258627,5.677508102709117,79.75469766411406,0.06180341376054107,10.182551350611524,69.99344125972307,96.67128987517337,17.91650135367874
20260515_Plusle_tsik(ecg_resp).acq,Plusle,30,510.0,silence,tsik,309.5829411939699,6.140492198163969,88.43722170596799,0.06488223000716563,10.560751506281429,72.52917472767385,96.62749105774144,16.10673718116228
20260515_Plusle_tsik(ecg_resp).acq,Plusle,30,540.0,tsik,tsik,301.90595188069744,12.640027521409436,81.65221494984094,0.06531326212643597,17.684322774415854,66.80993545976092,96.65669026936273,23.068437666196385
20260515_Plusle_tsik(ecg_resp).acq,Plusle,30,570.0,washout,tsik,306.71567700811073,5.52730274945983,87.54222932379716,0.07440583747162775,12.514091243012977,77.4794660132166,94.42295058033433,10.527965469591198
20260515_Plusle_tsik(ecg_resp).acq,Plusle,30,600.0,silence,tsik,304.593849135994,7.920088670770079,81.33682296224357,0.07022320162775873,7.3755893696313,81.27481518341884,96.45229578801371,14.906693194584559
20260515_Plusle_tsik(ecg_resp).acq,Plusle,30,630.0,silence,tsik,304.5131753642129,6.492124546101233,81.56742153872972,0.06875244372631852,11.654120218421467,84.776276036118,100.34309073655012,12.955026501122312
20260515_Plusle_tsik(ecg_resp).acq,Plusle,30,660.0,silence,tsik,303.99559020255066,14.319009515029023,83.52824205082887,0.058054554213921,9.237380486323529,89.52043570501314,100.34309073655012,10.194565563140126
20260515_Plusle_tsik(ecg_resp).acq,Plusle,30,690.0,silence,tsik,311.30158985745516,5.74815845614146,76.4104496717096,0.06782515087590958,5.2489066316183,75.74563492646895,97.72246149353967,18.669713861685317
20260515_Plusle_tsik(ecg_resp).acq,Plusle,30,720.0,tsik,tsik,307.33597798237935,6.949342897368053,73.35713575556862,0.06976614632152527,6.783297923172748,78.37732587948425,98.75903350609534,19.401485930541615
20260515_Plusle_tsik(ecg_resp).acq,Plusle,30,750.0,washout,tsik,295.5938418356869,13.685525986485708,80.01496244400992,0.07667412862683878,9.190892987507318,77.04824588016882,99.97080078837871,19.555709693297896
20260515_Plusle_tsik(ecg_resp).acq,Plusle,30,780.0,silence,tsik,299.6479132837517,4.7995850785539576,79.3895554747226,0.07270491147046701,7.914498232779684,69.80639958482932,103.1827140667202,25.97854197075707
20260515_Plusle_tsik(ecg_resp).acq,Plusle,30,810.0,silence,tsik,291.8439689783602,10.935819728593255,79.72548568568591,0.06592529248436255,23.280367481199978,88.37502171526646,99.28461931527849,10.639960534972408
20260515_Plusle_tsik(ecg_resp).acq,Plusle,30,840.0,silence,tsik,285.1414864654039,9.263959507649265,78.71526636398647,0.07858371410820754,6.463069681437621,80.17019236672971,103.67910066428206,19.099066906140123
20260515_Plusle_tsik(ecg_resp).acq,Plusle,30,870.0,silence,tsik,294.04175518395186,8.79958293970862,72.30713262903636,0.0834142266181411,6.88593513766109,73.39694781905075,98.0363530184685,16.79587892149872
20260515_Plusle_tsik(ecg_resp).acq,Plusle,30,900.0,silence,tsik,293.48171411172166,7.503810504114802,72.46028232318771,0.07719143643941022,13.724929177851719,55.56463982106566,65.72888532009637,1.2819744439402416
20260518_Plusle_trill(ecg_resp).acq,Plusle,30,0.0,silence,trill,,,,,,,,
20260518_Plusle_trill(ecg_resp).acq,Plusle,30,30.0,silence,trill,350.121445617224,2.4129418733387884,109.23697367003433,0.22125435015739925,3.6508470401115143,56.138662989947925,71.7990235222277,11.794302812774665
20260518_Plusle_trill(ecg_resp).acq,Plusle,30,60.0,silence,trill,352.5943988712604,4.893703846937096,119.11936882215551,0.22139711736929815,11.096230918028663,77.78421465175558,95.90011964201338,11.389170081368114
20260518_Plusle_trill(ecg_resp).acq,Plusle,30,90.0,silence,trill,349.17162723601433,3.787692075601195,100.9995151746764,0.23689051925030125,11.461179772542687,74.40641029977685,90.12525109625791,13.057439518388836
20260518_Plusle_trill(ecg_resp).acq,Plusle,30,120.0,silence,trill,342.084927913386,6.424219285090117,113.5691673716479,0.2262957571726479,10.036339721787172,75.20535648675049,93.45478056881072,11.392913153422075
20260518_Plusle_trill(ecg_resp).acq,Plusle,30,150.0,silence,trill,342.133951473343,8.414784440558057,107.69258050080742,0.23286448080799707,14.494138500696497,71.06228361983456,94.18009300577761,11.989065881258494
20260518_Plusle_trill(ecg_resp).acq,Plusle,30,180.0,silence,trill,334.86273170655085,5.071742831193715,106.03116996727542,0.24337566346773695,12.070631343640587,,,
20260518_Plusle_trill(ecg_resp).acq,Plusle,30,210.0,trill,trill,331.92973201813845,11.281402075104475,103.755732076519,0.24099315699854168,9.71878700529051,81.70375278958788,101.96511316255561,20.461454767984897
20260518_Plusle_trill(ecg_resp).acq,Plusle,30,240.0,washout,trill,327.51480064683415,15.61541747510693,103.57698348587711,0.2661337527405798,8.441752675211967,79.21073280860683,97.53034569081517,11.45010118366426
20260518_Plusle_trill(ecg_resp).acq,Plusle,30,270.0,silence,trill,335.3357885238865,2.9055883316827855,104.74864471299965,0.2723269605362272,10.111387107546296,64.68320192648376,79.68075200393463,9.249567934683846
20260518_Plusle_trill(ecg_resp).acq,Plusle,30,300.0,silence,trill,325.12927986311365,8.549707191757093,105.74975574177267,0.2601061486537739,13.329345493914746,67.02801607390705,86.37434963651482,16.35063882980026
20260518_Plusle_trill(ecg_resp).acq,Plusle,30,330.0,silence,trill,315.5788908868501,10.954569414219227,104.63823508159277,0.26017213505653763,11.297114917030008,86.1369581506556,103.34666066154017,13.812124144613225
20260518_Plusle_trill(ecg_resp).acq,Plusle,30,360.0,silence,trill,320.1143485847887,5.725018817203539,105.87528231599464,0.2696627288972379,7.656433401417856,78.48323286991359,96.81884872883812,12.15231337692577
20260518_Plusle_trill(ecg_resp).acq,Plusle,30,390.0,silence,trill,321.7142756642106,5.470537387455022,94.00637381708528,0.2740808345256439,8.983420800492217,72.04798969931132,83.853025450868,9.571186761816923
20260518_Plusle_trill(ecg_resp).acq,Plusle,30,420.0,trill,trill,311.0603725913185,15.10965619694049,108.72434062012553,0.25812194906524505,8.267679850021766,82.46325534629071,100.05857761395691,12.398690701437213
20260518_Plusle_trill(ecg_resp).acq,Plusle,30,450.0,washout,trill,328.54395644426063,8.9045022701589,119.98699579073168,0.2443001289539701,21.718148795033994,81.5594042384193,96.9362802662518,9.358212336874292
20260518_Plusle_trill(ecg_resp).acq,Plusle,30,480.0,silence,trill,319.5962442108366,9.691862587564406,106.43703804746197,0.26774938179453683,15.00208480680618,54.18361592498319,91.43772122029324,23.750978374876233
20260518_Plusle_trill(ecg_resp).acq,Plusle,30,510.0,silence,trill,312.35727648030525,6.537662406520636,105.34278306865284,0.2586691169049468,10.001141460613994,79.76483281131776,92.02487890736168,11.178182047368367
20260518_Plusle_trill(ecg_resp).acq,Plusle,30,540.0,silence,trill,310.17704550419,10.59334380657384,105.31800224671528,0.26063347623473776,9.692759027513569,83.62004138365722,99.37471160195956,11.660117163596851
20260518_Plusle_trill(ecg_resp).acq,Plusle,30,570.0,silence,trill,313.6515704174054,7.581174818645199,95.95826607986702,0.2848756875515213,10.069063743806423,67.67183991511818,92.99886989414581,15.154946435696433
20260518_Plusle_trill(ecg_resp).acq,Plusle,30,600.0,trill,trill,317.4959758867413,9.845346127323225,104.37137760489483,0.275478023942411,11.970555062665783,85.45871058393148,97.1780510785741,8.484051482082135
20260518_Plusle_trill(ecg_resp).acq,Plusle,30,630.0,washout,trill,346.39535216405795,15.460011096359183,96.99252370625837,0.3642181586221619,18.30935557920488,62.97454238309613,102.73187202449205,18.364030779648573
20260518_Plusle_trill(ecg_resp).acq,Plusle,30,660.0,silence,trill,330.1904541822986,5.670905542907858,100.06263150875051,0.31203400884985694,4.228269623365256,66.22459465068094,98.28016222901243,20.864350611745255
20260518_Plusle_trill(ecg_resp).acq,Plusle,30,690.0,silence,trill,334.2798248658521,6.924251594938301,97.2088501692019,0.3183214111226141,8.391746296087701,63.920810743431744,82.67871007673112,10.105819868960971
20260518_Plusle_trill(ecg_resp).acq,Plusle,30,720.0,silence,trill,329.462336566265,7.470705766885987,98.78495928955647,0.3075670577515962,11.186403586004403,74.07183307177534,98.65630690248759,20.54553140026078
20260518_Plusle_trill(ecg_resp).acq,Plusle,30,750.0,silence,trill,333.393161801214,3.121707307214705,95.23246644067628,0.32313151208565843,8.252723201543354,56.82057085782925,58.10098006979576,0.8322010523436679
